선수,연봉(만원),WAR,WAR당 연봉,팀
박민우,100000,5.55,18022,KT 위즈
박건우,80000,2.94,27245,KT 위즈
박세혁,70000,0.59,118283,KT 위즈
데이비슨,56000,4.27,13108,KT 위즈
카스타노,52000,1.83,28476,KT 위즈
하트,50000,6.22,8035,KT 위즈
손아섭,50000,1.03,48314,KT 위즈
이용찬,40000,-1.02,-39294,KT 위즈
김영규,22500,1.48,15219,KT 위즈
이재학,20000,1.16,17183,KT 위즈
신민혁,18000,2.76,6531,KT 위즈
류진욱,16500,-0.13,-122398,KT 위즈
김주원,16000,5.43,2945,KT 위즈
권희동,15000,4.11,3647,KT 위즈
임정호,13500,0.59,22735,KT 위즈
송명기,13500,-0.16,-83813,KT 위즈
서호철,12000,2.00,6001,KT 위즈
김시훈,11000,1.91,5771,KT 위즈
김휘집,11000,2.42,4548,KT 위즈
요키시,10000,0.08,131961,KT 위즈
김성욱,9500,-0.37,-25964,KT 위즈
심창민,8500,,,KT 위즈
최성영,8300,-0.03,-322111,KT 위즈
도태훈,8000,0.48,16655,KT 위즈
오영수,7200,0.23,30943,KT 위즈
안중열,7100,0.33,21755,KT 위즈
이용준,6700,0.04,185028,KT 위즈
최정원,6600,0.82,8096,KT 위즈
윤형준,6500,,,KT 위즈
배재환,6300,-0.11,-55843,KT 위즈
김재열,6000,1.98,3034,KT 위즈
김진호,6000,0.00,11747269,KT 위즈
김형준,5800,0.50,11489,KT 위즈
천재환,5000,0.31,16080,KT 위즈
이준호,4500,-0.68,-6645,KT 위즈
한재환,4000,-0.08,-50935,KT 위즈
김태현,4000,-0.13,-31557,KT 위즈
한석현,3900,-0.47,-8230,KT 위즈
김한별,3800,-0.23,-16588,KT 위즈
채원후,3500,-0.03,-101895,KT 위즈
송승환,3500,0.13,26594,KT 위즈
한재승,3400,0.59,5789,KT 위즈
전사민,3400,-0.30,-11353,KT 위즈
전루건,3200,-0.14,-22406,KT 위즈
박영빈,3200,-0.12,-27206,KT 위즈
이우석,3200,,,KT 위즈
소이현,3200,-0.06,-53577,KT 위즈
김수윤,3200,-0.10,-31236,KT 위즈
최보성,3200,,,KT 위즈
문상인,3100,,,KT 위즈
조현진,3100,,,KT 위즈
박한결,3100,-0.31,-9935,KT 위즈
박주찬,3100,,,KT 위즈
김준원,3000,,,KT 위즈
김재민,3000,,,KT 위즈
김민균,3000,,,KT 위즈
고승완,3000,,,KT 위즈
조현민,3000,,,KT 위즈
홍유원,3000,,,KT 위즈
원종해,3000,,,KT 위즈
김세훈,3000,-0.11,-27852,KT 위즈
손주환,3000,-0.04,-73787,KT 위즈
최우석,3000,0.12,25298,KT 위즈
최우재,3000,,,KT 위즈
임상현,3000,-0.02,-121956,KT 위즈
김휘건,3000,,,KT 위즈
박인우,3000,,,KT 위즈
김태호,3000,,,KT 위즈
김민규,3000,-0.08,-39480,KT 위즈
서의태,3000,-0.06,-52157,KT 위즈
안인산,3000,,,KT 위즈
박시원,3000,-0.27,-11284,KT 위즈
임형원,3000,,,KT 위즈
박지한,3000,,,KT 위즈
이현우,3000,,,KT 위즈
박동수,3000,,,KT 위즈
목지훈,3000,-0.21,-14190,KT 위즈
신용석,3000,-0.10,-30908,KT 위즈
신영우,3000,-0.13,-22821,KT 위즈
박주현,3000,0.03,109982,KT 위즈
신성호,3000,,,KT 위즈
김택우,3000,,,KT 위즈
서동욱,3000,,,KT 위즈
김범준,3000,-0.15,-19963,KT 위즈
최형우,100000,2.09,47887,KIA 타이거즈
나성범,80000,1.84,43391,KIA 타이거즈
김태군,70000,1.00,70094,KIA 타이거즈
김선빈,60000,2.11,28379,KIA 타이거즈
크로우,60000,1.28,47041,KIA 타이거즈
소크라테스,50000,4.06,12324,KIA 타이거즈
양현종,50000,4.99,10026,KIA 타이거즈
네일,35000,5.02,6975,KIA 타이거즈
박찬호,30000,4.03,7451,KIA 타이거즈
알드레드,30000,1.45,20711,KIA 타이거즈
라우어,30000,0.88,33923,KIA 타이거즈
임기영,25000,-0.20,-125138,KIA 타이거즈
최원준,22000,2.35,9351,KIA 타이거즈
정해영,20000,2.35,8510,KIA 타이거즈
전상현,17000,1.49,11445,KIA 타이거즈
이의리,17000,0.09,183155,KIA 타이거즈
장현식,16000,1.69,9468,KIA 타이거즈
고종욱,15000,0.09,165595,KIA 타이거즈
이준영,14000,0.38,36780,KIA 타이거즈
이우성,13000,-0.10,-128006,KIA 타이거즈
이창진,12000,0.64,18738,KIA 타이거즈
김대유,11000,-0.35,-31834,KIA 타이거즈
최지민,10000,0.38,25990,KIA 타이거즈
김도영,10000,8.52,1174,KIA 타이거즈
김호령,9000,-0.07,-126775,KIA 타이거즈
윤영철,9000,2.11,4261,KIA 타이거즈
박준표,8000,-0.04,-194862,KIA 타이거즈
황대인,8000,-0.02,-349722,KIA 타이거즈
이형범,7000,-0.19,-36107,KIA 타이거즈
한승택,6500,-0.10,-64995,KIA 타이거즈
윤중현,6500,-0.35,-18821,KIA 타이거즈
변우혁,6000,0.64,9336,KIA 타이거즈
김규성,5500,-0.18,-30087,KIA 타이거즈
서건창,5000,1.61,3106,KIA 타이거즈
한준수,5000,1.80,2774,KIA 타이거즈
스타우트,4500,0.33,13448,KIA 타이거즈
김현수,4500,-0.12,-38109,KIA 타이거즈
주효상,4400,,,KIA 타이거즈
최정용,4300,-0.18,-23881,KIA 타이거즈
김유신,4200,,,KIA 타이거즈
김승현,4100,0.12,34777,KIA 타이거즈
김기훈,4000,0.05,75404,KIA 타이거즈
예진원,4000,-0.53,-7559,KIA 타이거즈
김건국,4000,-0.20,-19538,KIA 타이거즈
김석환,4000,,,KIA 타이거즈
박정우,3800,0.42,8953,KIA 타이거즈
유승철,3600,0.12,31245,KIA 타이거즈
홍종표,3500,0.26,13612,KIA 타이거즈
황동하,3500,2.12,1652,KIA 타이거즈
장민기,3500,,,KIA 타이거즈
박민,3500,-0.03,-103627,KIA 타이거즈
김도현,3500,1.18,2957,KIA 타이거즈
김사윤,3400,-0.10,-32496,KIA 타이거즈
오선우,3300,-0.03,-95565,KIA 타이거즈
곽도규,3300,1.27,2592,KIA 타이거즈
임석진,3200,,,KIA 타이거즈
권혁경,3200,,,KIA 타이거즈
최수빈,3100,,,KIA 타이거즈
고명성,3100,,,KIA 타이거즈
정해원,3100,,,KIA 타이거즈
박건우,3100,,,KIA 타이거즈
유지성,3100,-0.02,-128033,KIA 타이거즈
김태윤,3000,,,KIA 타이거즈
이상준,3000,,,KIA 타이거즈
조대현,3000,,,KIA 타이거즈
박시온,3000,,,KIA 타이거즈
장재혁,3000,0.06,50100,KIA 타이거즈
김두현,3000,-0.21,-13982,KIA 타이거즈
성영탁,3000,,,KIA 타이거즈
강민제,3000,,,KIA 타이거즈
김민재,3000,-0.06,-46670,KIA 타이거즈
김민주,3000,-0.04,-82061,KIA 타이거즈
최지웅,3000,,,KIA 타이거즈
오규석,3000,,,KIA 타이거즈
강동훈,3000,,,KIA 타이거즈
박상준,3000,,,KIA 타이거즈
홍원빈,3000,,,KIA 타이거즈
김재현,3000,,,KIA 타이거즈
김도월,3000,,,KIA 타이거즈
이도현,3000,,,KIA 타이거즈
이송찬,3000,,,KIA 타이거즈
김원경,3000,,,KIA 타이거즈
오정환,3000,,,KIA 타이거즈
이성주,3000,,,KIA 타이거즈
김찬민,3000,,,KIA 타이거즈
윤도현,3000,0.51,5916,KIA 타이거즈
장시현,3000,,,KIA 타이거즈
이영재,3000,,,KIA 타이거즈
강이준,3000,,,KIA 타이거즈
김민수,3000,,,KIA 타이거즈
이준범,,,,KIA 타이거즈
구자욱,200000,6.19,32316,삼성 라이온즈
맥키넌,90000,1.16,77659,삼성 라이온즈
코너,80000,4.85,16504,삼성 라이온즈
박병호,70000,0.25,283380,삼성 라이온즈
레예스,50000,4.16,12032,삼성 라이온즈
원태인,43000,4.90,8780,삼성 라이온즈
강민호,40000,3.50,11445,삼성 라이온즈
오승환,40000,-0.40,-101083,삼성 라이온즈
백정현,40000,0.72,55812,삼성 라이온즈
김재윤,40000,0.70,56762,삼성 라이온즈
카디네스,32700,0.00,11890996,삼성 라이온즈
임창민,20000,1.51,13278,삼성 라이온즈
류지혁,20000,0.34,58607,삼성 라이온즈
이승현,17000,0.62,27425,삼성 라이온즈
김태훈,17000,0.81,20971,삼성 라이온즈
김지찬,16000,4.59,3485,삼성 라이온즈
최채흥,15000,-0.07,-217492,삼성 라이온즈
이재현,14000,4.27,3282,삼성 라이온즈
김현준,14000,0.04,396434,삼성 라이온즈
최지광,14000,1.35,10404,삼성 라이온즈
김대우,10000,0.09,116914,삼성 라이온즈
김성윤,10000,0.09,114787,삼성 라이온즈
강한울,10000,-0.32,-30994,삼성 라이온즈
최성훈,10000,0.03,294346,삼성 라이온즈
양현,9000,-0.03,-268540,삼성 라이온즈
이재익,8200,-0.32,-25416,삼성 라이온즈
김동엽,8000,-0.23,-34732,삼성 라이온즈
김윤수,7000,-0.14,-50854,삼성 라이온즈
장필준,7000,-0.01,-580359,삼성 라이온즈
이승현,7000,2.22,3154,삼성 라이온즈
김재성,7000,-0.23,-30485,삼성 라이온즈
이상민,6500,0.72,8977,삼성 라이온즈
전병우,6000,0.46,13079,삼성 라이온즈
홍정우,6000,-0.03,-173429,삼성 라이온즈
김헌곤,6000,1.59,3781,삼성 라이온즈
이성규,6000,1.86,3233,삼성 라이온즈
안주형,5200,-0.61,-8499,삼성 라이온즈
송은범,5000,0.34,14521,삼성 라이온즈
디아즈,5000,0.80,6268,삼성 라이온즈
김도환,5000,-0.11,-47156,삼성 라이온즈
최충연,4700,,,삼성 라이온즈
김민수,4600,0.08,55703,삼성 라이온즈
김동진,4500,-0.15,-29034,삼성 라이온즈
이민호,4500,,,삼성 라이온즈
이승민,4100,-0.46,-8960,삼성 라이온즈
황동재,4100,0.92,4471,삼성 라이온즈
김태훈,4100,-0.02,-247030,삼성 라이온즈
최하늘,4100,0.05,77956,삼성 라이온즈
공민규,4100,-0.22,-18498,삼성 라이온즈
이병헌,4000,0.18,22023,삼성 라이온즈
김영웅,3800,3.23,1177,삼성 라이온즈
김시현,3700,,,삼성 라이온즈
양우현,3700,-0.13,-28450,삼성 라이온즈
윤정빈,3700,1.74,2126,삼성 라이온즈
류승민,3500,0.13,27229,삼성 라이온즈
홍무원,3500,,,삼성 라이온즈
홍승원,3500,,,삼성 라이온즈
김서준,3400,,,삼성 라이온즈
김태우,3300,,,삼성 라이온즈
오현석,3300,,,삼성 라이온즈
장재혁,3300,,,삼성 라이온즈
한연욱,3300,,,삼성 라이온즈
홍원표,3300,0.03,130454,삼성 라이온즈
이호성,3200,-0.17,-18415,삼성 라이온즈
김재상,3200,0.01,628099,삼성 라이온즈
정진수,3200,,,삼성 라이온즈
박권후,3100,,,삼성 라이온즈
김민호,3100,,,삼성 라이온즈
박장민,3100,,,삼성 라이온즈
김동현,3000,,,삼성 라이온즈
양도근,3000,0.02,188861,삼성 라이온즈
김대호,3000,-0.10,-30999,삼성 라이온즈
유병선,3000,,,삼성 라이온즈
주한울,3000,,,삼성 라이온즈
이창용,3000,-0.19,-16055,삼성 라이온즈
김재혁,3000,-0.22,-13581,삼성 라이온즈
김세민,3000,,,삼성 라이온즈
김재형,3000,,,삼성 라이온즈
이재호,3000,,,삼성 라이온즈
이현준,3000,,,삼성 라이온즈
신경민,3000,,,삼성 라이온즈
김호진,3000,-0.26,-11618,삼성 라이온즈
김성경,3000,,,삼성 라이온즈
정민성,3000,,,삼성 라이온즈
박준용,3000,,,삼성 라이온즈
육선엽,3000,0.06,53207,삼성 라이온즈
박진우,3000,,,삼성 라이온즈
박시원,3000,,,삼성 라이온즈
서현원,3000,,,삼성 라이온즈
류현진,250000,4.56,54775,한화 이글스
채은성,100000,1.40,71340,한화 이글스
페냐,65000,0.35,187034,한화 이글스
페라자,60000,2.90,20686,한화 이글스
최재훈,60000,1.68,35760,한화 이글스
이태양,50000,-0.29,-170710,한화 이글스
안치홍,50000,1.97,25319,한화 이글스
산체스,50000,1.58,31615,한화 이글스
바리아,48000,1.75,27382,한화 이글스
노시환,35000,2.92,11985,한화 이글스
장시환,20000,0.21,97084,한화 이글스
박상원,19500,1.00,19491,한화 이글스
김범수,19300,0.14,134337,한화 이글스
정은원,17800,0.14,130324,한화 이글스
김민우,16700,0.62,26890,한화 이글스
장민재,15000,0.66,22587,한화 이글스
김강민,11000,0.08,142068,한화 이글스
주현상,11000,3.16,3479,한화 이글스
윤대경,11000,-0.13,-85456,한화 이글스
정우람,10000,,,한화 이글스
문동주,10000,1.93,5191,한화 이글스
문현빈,8000,0.24,33324,한화 이글스
김태연,7800,0.47,16566,한화 이글스
이도윤,7500,1.14,6585,한화 이글스
이진영,7000,0.03,205441,한화 이글스
하주석,7000,0.23,30579,한화 이글스
김인환,6900,-1.27,-5425,한화 이글스
김종수,6800,,,한화 이글스
장진혁,5800,0.76,7644,한화 이글스
이민우,5600,0.90,6199,한화 이글스
배민서,5100,-0.03,-178322,한화 이글스
이명기,5000,-0.09,-53323,한화 이글스
이재원,5000,-0.25,-19618,한화 이글스
한승혁,4900,0.96,5130,한화 이글스
와이스,4800,3.16,1521,한화 이글스
최인호,4800,2.03,2359,한화 이글스
한승주,4500,-0.48,-9304,한화 이글스
이상규,4400,0.38,11481,한화 이글스
김기중,4400,0.38,11587,한화 이글스
박상언,4200,0.53,7988,한화 이글스
김규연,4100,0.07,59451,한화 이글스
남지민,4000,0.10,38156,한화 이글스
조한민,3800,,,한화 이글스
이원석,3600,0.19,18675,한화 이글스
이충호,3400,-0.05,-68741,한화 이글스
임종찬,3400,-0.22,-15452,한화 이글스
김서현,3300,0.65,5071,한화 이글스
권광민,3300,0.53,6250,한화 이글스
허관회,3300,,,한화 이글스
유로결,3300,-0.06,-59189,한화 이글스
장규현,3200,-0.13,-23948,한화 이글스
김건,3200,,,한화 이글스
장지수,3200,-0.08,-39864,한화 이글스
이재용,3100,,,한화 이글스
이상혁,3100,-0.11,-28290,한화 이글스
이민준,3100,,,한화 이글스
서정훈,3000,,,한화 이글스
김선동,3000,,,한화 이글스
김도빈,3000,-0.02,-128266,한화 이글스
권동욱,3000,,,한화 이글스
승지환,3000,,,한화 이글스
권현,3000,,,한화 이글스
원종혁,3000,,,한화 이글스
이승현,3000,,,한화 이글스
최준서,3000,,,한화 이글스
이기창,3000,,,한화 이글스
황영묵,3000,1.83,1642,한화 이글스
정안석,3000,,,한화 이글스
조동욱,3000,0.08,35359,한화 이글스
황준서,3000,1.31,2288,한화 이글스
김진욱,3000,,,한화 이글스
이성민,3000,,,한화 이글스
정이황,3000,,,한화 이글스
조은,3000,,,한화 이글스
한경빈,3000,0.00,-629368,한화 이글스
성지훈,3000,,,한화 이글스
김승일,3000,0.13,23229,한화 이글스
송호정,,,,한화 이글스
신우재,,,,한화 이글스
박동원,250000,4.75,52599,LG 트윈스
김현수,100000,1.01,99083,LG 트윈스
켈리,80000,1.73,46128,LG 트윈스
오스틴,80000,5.62,14229,LG 트윈스
엔스,60000,3.76,15962,LG 트윈스
박해민,60000,2.71,22112,LG 트윈스
홍창기,51000,6.29,8112,LG 트윈스
에르난데스,44000,1.33,32988,LG 트윈스
최원태,40000,2.78,14390,LG 트윈스
정우영,32000,-0.02,-2063305,LG 트윈스
문보경,30000,4.30,6972,LG 트윈스
오지환,30000,3.12,9616,LG 트윈스
문성주,20000,2.89,6928,LG 트윈스
함덕주,20000,0.26,78097,LG 트윈스
김진성,20000,0.57,35046,LG 트윈스
임찬규,20000,3.98,5029,LG 트윈스
최동환,13000,-0.22,-58350,LG 트윈스
이우찬,12500,-0.64,-19685,LG 트윈스
김윤식,12000,-0.07,-163067,LG 트윈스
신민재,11500,2.36,4876,LG 트윈스
허도환,10000,-0.76,-13118,LG 트윈스
백승현,9200,-0.40,-22725,LG 트윈스
유영찬,8500,0.66,12856,LG 트윈스
구본혁,7000,1.57,4471,LG 트윈스
윤호솔,7000,0.10,69777,LG 트윈스
이재원,7000,,,LG 트윈스
이지강,6800,-0.09,-76140,LG 트윈스
김유영,6700,0.56,11926,LG 트윈스
박명근,6500,-0.34,-19027,LG 트윈스
김민수,6000,-0.36,-16868,LG 트윈스
배재준,6000,,,LG 트윈스
김대현,5700,0.03,216389,LG 트윈스
안익훈,5500,0.01,689157,LG 트윈스
이영빈,5500,0.00,2305239,LG 트윈스
이상영,5000,0.50,9955,LG 트윈스
임준형,4800,0.13,37733,LG 트윈스
손주영,4300,3.68,1168,LG 트윈스
최승민,4000,-0.02,-251300,LG 트윈스
강효종,3800,-0.06,-66747,LG 트윈스
김영준,3600,-0.23,-15448,LG 트윈스
송찬의,3600,-0.12,-29631,LG 트윈스
김주성,3500,0.17,20427,LG 트윈스
김범석,3300,-0.31,-10590,LG 트윈스
전준호,3300,-0.02,-155746,LG 트윈스
성동현,3200,0.08,37930,LG 트윈스
김진수,3200,0.02,204366,LG 트윈스
김성우,3100,-0.24,-12863,LG 트윈스
우강훈,3100,0.15,20274,LG 트윈스
김성진,3100,-0.04,-73680,LG 트윈스
김현종,3000,0.17,17163,LG 트윈스
손용준,3000,,,LG 트윈스
진우영,3000,0.08,36767,LG 트윈스
배강,3000,,,LG 트윈스
최명경,3000,-0.04,-68830,LG 트윈스
이태겸,3000,,,LG 트윈스
오승윤,3000,,,LG 트윈스
심규빈,3000,,,LG 트윈스
김도윤,3000,,,LG 트윈스
강석현,3000,,,LG 트윈스
김대원,3000,0.07,44048,LG 트윈스
정지헌,3000,-0.24,-12395,LG 트윈스
김종우,3000,,,LG 트윈스
한지용,3000,,,LG 트윈스
이종준,3000,0.35,8545,LG 트윈스
문정빈,3000,,,LG 트윈스
최원영,3000,0.25,11916,LG 트윈스
조건희,3000,,,LG 트윈스
김의준,3000,,,LG 트윈스
이주헌,3000,0.10,29869,LG 트윈스
김단우,3000,,,LG 트윈스
김유민,3000,,,LG 트윈스
김형욱,3000,,,LG 트윈스
박민호,3000,,,LG 트윈스
전진영,3000,,,LG 트윈스
이믿음,3000,-0.16,-18953,LG 트윈스
백선기,3000,,,LG 트윈스
하영진,3000,,,LG 트윈스
김주온,3000,-0.11,-27713,LG 트윈스
함창건,3000,-0.19,-15608,LG 트윈스
강민,3000,,,LG 트윈스
김수인,3000,-0.15,-20407,LG 트윈스
허용주,3000,,,LG 트윈스
김재환,150000,3.07,48839,두산 베어스
알칸타라,80000,1.24,64510,두산 베어스
브랜든,75000,2.32,32269,두산 베어스
허경민,60000,3.66,16390,두산 베어스
정수빈,60000,3.13,19197,두산 베어스
라모스,55000,2.37,23179,두산 베어스
양의지,50000,3.38,14814,두산 베어스
제러드,30000,1.52,19800,두산 베어스
양석환,30000,2.31,13009,두산 베어스
홍건희,30000,1.24,24103,두산 베어스
김재호,30000,0.56,53904,두산 베어스
강승호,25500,4.39,5809,두산 베어스
최원준,25000,1.12,22333,두산 베어스
발라조빅,25000,1.35,18513,두산 베어스
김명신,22500,-0.89,-25412,두산 베어스
곽빈,21000,4.65,4518,두산 베어스
정철원,16500,-0.20,-82583,두산 베어스
김강률,15000,1.64,9119,두산 베어스
박치국,13000,-0.15,-86277,두산 베어스
최승용,10200,0.11,91504,두산 베어스
이영하,10000,0.36,27768,두산 베어스
조수행,9500,1.83,5194,두산 베어스
김인태,9000,-0.40,-22487,두산 베어스
박계범,8500,-0.47,-18168,두산 베어스
이유찬,8500,0.73,11604,두산 베어스
박준영,7000,1.58,4436,두산 베어스
장승현,6000,-0.07,-83501,두산 베어스
김동주,5500,-0.31,-17809,두산 베어스
이승진,5500,,,두산 베어스
박정수,5500,0.06,87154,두산 베어스
안승한,5500,-0.01,-514952,두산 베어스
김민규,5000,0.66,7629,두산 베어스
양찬열,4000,0.09,42199,두산 베어스
김기연,4000,1.49,2689,두산 베어스
김민혁,3800,0.22,17536,두산 베어스
김대한,3700,-0.51,-7286,두산 베어스
박지훈,3600,,,두산 베어스
이병헌,3600,1.75,2060,두산 베어스
시라카와,3600,0.76,4715,두산 베어스
박신지,3500,0.15,22678,두산 베어스
전민재,3400,0.32,10606,두산 베어스
김태근,3400,-0.72,-4729,두산 베어스
서예일,3400,-0.01,-437733,두산 베어스
최지강,3400,1.01,3377,두산 베어스
이교훈,3300,-0.40,-8167,두산 베어스
박소준,3300,-0.07,-47751,두산 베어스
홍성호,3300,0.10,31759,두산 베어스
김호준,3100,-0.22,-14260,두산 베어스
백승우,3100,,,두산 베어스
김정우,3100,-0.01,-222415,두산 베어스
권민석,3100,,,두산 베어스
조제영,3100,,,두산 베어스
오명진,3100,0.01,261758,두산 베어스
김도윤,3100,0.00,-2232770,두산 베어스
최세창,3100,,,두산 베어스
문원,3000,,,두산 베어스
류현준,3000,0.15,19631,두산 베어스
김태완,3000,,,두산 베어스
손율기,3000,,,두산 베어스
김무빈,3000,,,두산 베어스
전다민,3000,0.35,8557,두산 베어스
박지호,3000,0.11,27911,두산 베어스
강태완,3000,,,두산 베어스
임종성,3000,-0.02,-130003,두산 베어스
여동건,3000,-0.02,-186306,두산 베어스
김택연,3000,2.97,1010,두산 베어스
전형근,3000,,,두산 베어스
장원호,3000,,,두산 베어스
강동형,3000,,,두산 베어스
윤태호,3000,,,두산 베어스
이원재,3000,,,두산 베어스
김동준,3000,,,두산 베어스
이민혁,3000,,,두산 베어스
양현진,3000,,,두산 베어스
권휘,3000,-0.05,-55129,두산 베어스
이상연,3000,,,두산 베어스
제환유,3000,,,두산 베어스
이주엽,3000,,,두산 베어스
남율,3000,,,두산 베어스
김문수,3000,,,두산 베어스
박민준,3000,-0.13,-22413,두산 베어스
장규빈,3000,0.00,-1208352,두산 베어스
강현구,3000,,,두산 베어스
최종인,3000,0.18,17066,두산 베어스
최준호,3000,1.21,2476,두산 베어스
김유성,3000,0.21,14316,두산 베어스
임서준,3000,,,두산 베어스
윤준호,3000,-0.07,-41257,두산 베어스
한충희,3000,,,두산 베어스
배창현,3000,,,두산 베어스
니퍼트,,,,두산 베어스
이민석,,,,두산 베어스
에레디아,115000,4.89,23509,SSG 랜더스
박종훈,110000,0.29,373407,SSG 랜더스
최정,100000,4.68,21383,SSG 랜더스
김광현,100000,3.91,25582,SSG 랜더스
한유섬,90000,-0.20,-439861,SSG 랜더스
엘리아스,65000,4.36,14904,SSG 랜더스
더거,65000,-0.52,-124987,SSG 랜더스
앤더슨,57000,4.13,13786,SSG 랜더스
서진용,45000,-0.12,-374931,SSG 랜더스
노경은,35000,3.10,11275,SSG 랜더스
박성한,30000,4.02,7462,SSG 랜더스
최지훈,25000,2.05,12167,SSG 랜더스
오태곤,25000,1.43,17510,SSG 랜더스
김택형,20500,-0.03,-795943,SSG 랜더스
김성현,20000,-0.69,-29017,SSG 랜더스
이지영,20000,2.01,9951,SSG 랜더스
문승원,18000,1.07,16888,SSG 랜더스
고효준,15300,-0.05,-304187,SSG 랜더스
김민식,15000,-0.16,-93228,SSG 랜더스
최민준,14400,-0.35,-41178,SSG 랜더스
오원석,14000,3.03,4622,SSG 랜더스
장지훈,13000,-0.07,-194203,SSG 랜더스
하재훈,10000,-1.59,-6309,SSG 랜더스
강진성,8500,-0.04,-196132,SSG 랜더스
전의산,8000,-1.38,-5800,SSG 랜더스
이로운,7400,0.36,20420,SSG 랜더스
조형우,6300,-0.13,-46892,SSG 랜더스
이건욱,6100,-0.39,-15776,SSG 랜더스
박민호,6000,0.17,34772,SSG 랜더스
김찬형,5000,-0.26,-18964,SSG 랜더스
신범수,5000,-0.03,-169613,SSG 랜더스
백승건,4600,-0.06,-76710,SSG 랜더스
송영진,4500,1.33,3383,SSG 랜더스
최준우,4500,0.23,19938,SSG 랜더스
안상현,4000,-0.61,-6545,SSG 랜더스
박대온,4000,,,SSG 랜더스
최경모,3700,-0.08,-46643,SSG 랜더스
전경원,3200,,,SSG 랜더스
서상준,3200,,,SSG 랜더스
한두솔,3200,0.84,3820,SSG 랜더스
신헌민,3200,-0.07,-45619,SSG 랜더스
최상민,3200,0.15,21232,SSG 랜더스
이정범,3200,,,SSG 랜더스
김태윤,3100,,,SSG 랜더스
정성곤,3100,,,SSG 랜더스
이기순,3100,0.47,6635,SSG 랜더스
김창평,3100,-0.07,-46732,SSG 랜더스
류효승,3100,-0.05,-60836,SSG 랜더스
현원회,3000,-0.02,-183183,SSG 랜더스
변건우,3000,,,SSG 랜더스
김규민,3000,,,SSG 랜더스
윤성보,3000,,,SSG 랜더스
백준서,3000,,,SSG 랜더스
박성빈,3000,0.11,27432,SSG 랜더스
정현승,3000,-0.24,-12319,SSG 랜더스
정준재,3000,2.01,1493,SSG 랜더스
최현석,3000,-0.02,-139212,SSG 랜더스
박기호,3000,,,SSG 랜더스
이승민,3000,,,SSG 랜더스
박지환,3000,-0.26,-11519,SSG 랜더스
최민창,3000,-0.03,-105694,SSG 랜더스
김성민,3000,,,SSG 랜더스
정동윤,3000,0.05,54717,SSG 랜더스
김지현,3000,,,SSG 랜더스
허진,3000,,,SSG 랜더스
김건우,3000,,,SSG 랜더스
허민혁,3000,,,SSG 랜더스
조병현,3000,2.50,1201,SSG 랜더스
최수호,3000,,,SSG 랜더스
고명준,3000,0.30,10078,SSG 랜더스
채현우,3000,0.00,-2247444,SSG 랜더스
추신수,3000,0.94,3179,SSG 랜더스
박정빈,3000,,,SSG 랜더스
최유빈,3000,,,SSG 랜더스
박시후,3000,0.11,28325,SSG 랜더스
이찬혁,3000,,,SSG 랜더스
이승훈,3000,,,SSG 랜더스
류현곤,3000,,,SSG 랜더스
김민준,3000,,,SSG 랜더스
박세직,3000,,,SSG 랜더스
안현서,3000,,,SSG 랜더스
김정민,3000,,,SSG 랜더스
김건이,3000,,,SSG 랜더스
박세웅,135000,4.69,28778,롯데 자이언츠
전준우,130000,1.95,66702,롯데 자이언츠
유강남,100000,0.02,5859879,롯데 자이언츠
반즈,85000,6.81,12473,롯데 자이언츠
레이예스,60000,3.72,16111,롯데 자이언츠
윌커슨,60000,7.42,8084,롯데 자이언츠
노진혁,60000,-0.23,-260317,롯데 자이언츠
김원중,50000,2.65,18866,롯데 자이언츠
구승민,45000,0.24,188098,롯데 자이언츠
정훈,30000,1.18,25494,롯데 자이언츠
한현희,30000,1.66,18041,롯데 자이언츠
김민성,20000,0.13,150016,롯데 자이언츠
나균안,17000,-0.30,-56322,롯데 자이언츠
최준용,16300,0.13,121606,롯데 자이언츠
한동희,16200,-0.57,-28421,롯데 자이언츠
김상수,16000,1.22,13126,롯데 자이언츠
진해수,15000,0.02,609489,롯데 자이언츠
박승욱,13500,-0.10,-135107,롯데 자이언츠
이인복,10000,-0.10,-101025,롯데 자이언츠
오선진,10000,0.18,54627,롯데 자이언츠
심재민,9400,,,롯데 자이언츠
이학주,9200,-0.19,-48785,롯데 자이언츠
윤동희,9000,3.72,2419,롯데 자이언츠
박진형,8600,0.21,40344,롯데 자이언츠
김민석,8500,-0.32,-26589,롯데 자이언츠
고승민,8000,3.49,2294,롯데 자이언츠
김도규,8000,-0.01,-706658,롯데 자이언츠
신정락,8000,,,롯데 자이언츠
황성빈,7600,2.15,3532,롯데 자이언츠
정보근,7500,-0.54,-13918,롯데 자이언츠
이정훈,6000,0.49,12178,롯데 자이언츠
김진욱,6000,2.38,2524,롯데 자이언츠
지시완,5800,,,롯데 자이언츠
신윤후,5200,0.30,17392,롯데 자이언츠
손성빈,5000,0.24,21042,롯데 자이언츠
손호영,4500,2.83,1587,롯데 자이언츠
진승현,4300,0.02,177767,롯데 자이언츠
임준섭,4000,0.11,37866,롯데 자이언츠
장두성,4000,-0.22,-17905,롯데 자이언츠
최설우,4000,,,롯데 자이언츠
나승엽,4000,1.44,2783,롯데 자이언츠
정성종,3900,,,롯데 자이언츠
최이준,3800,-0.36,-10553,롯데 자이언츠
이민석,3800,0.10,36348,롯데 자이언츠
강태율,3600,-0.27,-13194,롯데 자이언츠
박진,3300,1.15,2860,롯데 자이언츠
서동욱,3300,-0.48,-6922,롯데 자이언츠
정대선,3200,0.04,89444,롯데 자이언츠
김강현,3200,0.52,6205,롯데 자이언츠
현도훈,3200,-0.13,-24338,롯데 자이언츠
박명현,3200,,,롯데 자이언츠
이진하,3200,,,롯데 자이언츠
이태연,3100,,,롯데 자이언츠
최항,3100,-0.18,-17554,롯데 자이언츠
윤성빈,3100,-0.06,-49968,롯데 자이언츠
김동혁,3100,0.21,14524,롯데 자이언츠
신병률,3100,,,롯데 자이언츠
이주찬,3100,-0.49,-6332,롯데 자이언츠
정우준,3100,0.04,78951,롯데 자이언츠
송재영,3100,-0.17,-18291,롯데 자이언츠
홍민기,3100,-0.01,-245954,롯데 자이언츠
안우진,3000,,,롯데 자이언츠
이선우,3000,-0.20,-14708,롯데 자이언츠
박성준,3000,,,롯데 자이언츠
강성우,3000,-0.01,-577736,롯데 자이언츠
박준우,3000,0.00,3037969,롯데 자이언츠
이호준,3000,0.12,25827,롯데 자이언츠
정현수,3000,0.89,3373,롯데 자이언츠
전미르,3000,0.45,6734,롯데 자이언츠
소한빈,3000,,,롯데 자이언츠
전하원,3000,,,롯데 자이언츠
유제모,3000,,,롯데 자이언츠
기민성,3000,,,롯데 자이언츠
김대현,3000,,,롯데 자이언츠
고경표,3000,,,롯데 자이언츠
강승구,3000,-0.08,-39274,롯데 자이언츠
백두산,3000,-0.02,-150583,롯데 자이언츠
배세종,3000,,,롯데 자이언츠
하혜성,3000,,,롯데 자이언츠
이병준,3000,,,롯데 자이언츠
최우인,3000,,,롯데 자이언츠
이인한,3000,0.12,24573,롯데 자이언츠
박민우,100000,5.55,18022,NC 다이노스
박건우,80000,2.94,27245,NC 다이노스
박세혁,70000,0.59,118283,NC 다이노스
데이비슨,56000,4.27,13108,NC 다이노스
카스타노,52000,1.83,28476,NC 다이노스
하트,50000,6.22,8035,NC 다이노스
손아섭,50000,1.03,48314,NC 다이노스
이용찬,40000,-1.02,-39294,NC 다이노스
김영규,22500,1.48,15219,NC 다이노스
이재학,20000,1.16,17183,NC 다이노스
신민혁,18000,2.76,6531,NC 다이노스
류진욱,16500,-0.13,-122398,NC 다이노스
김주원,16000,5.43,2945,NC 다이노스
권희동,15000,4.11,3647,NC 다이노스
임정호,13500,0.59,22735,NC 다이노스
송명기,13500,-0.16,-83813,NC 다이노스
서호철,12000,2.00,6001,NC 다이노스
김시훈,11000,1.91,5771,NC 다이노스
김휘집,11000,2.42,4548,NC 다이노스
요키시,10000,0.08,131961,NC 다이노스
김성욱,9500,-0.37,-25964,NC 다이노스
심창민,8500,,,NC 다이노스
최성영,8300,-0.03,-322111,NC 다이노스
도태훈,8000,0.48,16655,NC 다이노스
오영수,7200,0.23,30943,NC 다이노스
안중열,7100,0.33,21755,NC 다이노스
이용준,6700,0.04,185028,NC 다이노스
최정원,6600,0.82,8096,NC 다이노스
윤형준,6500,,,NC 다이노스
배재환,6300,-0.11,-55843,NC 다이노스
김재열,6000,1.98,3034,NC 다이노스
김진호,6000,0.00,11747269,NC 다이노스
김형준,5800,0.50,11489,NC 다이노스
천재환,5000,0.31,16080,NC 다이노스
이준호,4500,-0.68,-6645,NC 다이노스
한재환,4000,-0.08,-50935,NC 다이노스
김태현,4000,-0.13,-31557,NC 다이노스
한석현,3900,-0.47,-8230,NC 다이노스
김한별,3800,-0.23,-16588,NC 다이노스
채원후,3500,-0.03,-101895,NC 다이노스
송승환,3500,0.13,26594,NC 다이노스
한재승,3400,0.59,5789,NC 다이노스
전사민,3400,-0.30,-11353,NC 다이노스
전루건,3200,-0.14,-22406,NC 다이노스
박영빈,3200,-0.12,-27206,NC 다이노스
이우석,3200,,,NC 다이노스
소이현,3200,-0.06,-53577,NC 다이노스
김수윤,3200,-0.10,-31236,NC 다이노스
최보성,3200,,,NC 다이노스
문상인,3100,,,NC 다이노스
조현진,3100,,,NC 다이노스
박한결,3100,-0.31,-9935,NC 다이노스
박주찬,3100,,,NC 다이노스
김준원,3000,,,NC 다이노스
김재민,3000,,,NC 다이노스
김민균,3000,,,NC 다이노스
고승완,3000,,,NC 다이노스
조현민,3000,,,NC 다이노스
홍유원,3000,,,NC 다이노스
원종해,3000,,,NC 다이노스
김세훈,3000,-0.11,-27852,NC 다이노스
손주환,3000,-0.04,-73787,NC 다이노스
최우석,3000,0.12,25298,NC 다이노스
최우재,3000,,,NC 다이노스
임상현,3000,-0.02,-121956,NC 다이노스
김휘건,3000,,,NC 다이노스
박인우,3000,,,NC 다이노스
김태호,3000,,,NC 다이노스
김민규,3000,-0.08,-39480,NC 다이노스
서의태,3000,-0.06,-52157,NC 다이노스
안인산,3000,,,NC 다이노스
박시원,3000,-0.27,-11284,NC 다이노스
임형원,3000,,,NC 다이노스
박지한,3000,,,NC 다이노스
이현우,3000,,,NC 다이노스
박동수,3000,,,NC 다이노스
목지훈,3000,-0.21,-14190,NC 다이노스
신용석,3000,-0.10,-30908,NC 다이노스
신영우,3000,-0.13,-22821,NC 다이노스
박주현,3000,0.03,109982,NC 다이노스
신성호,3000,,,NC 다이노스
김택우,3000,,,NC 다이노스
서동욱,3000,,,NC 다이노스
김범준,3000,-0.15,-19963,NC 다이노스
후라도,120000,6.13,19581,키움 히어로즈
이형종,68000,0.66,103358,키움 히어로즈
김혜성,65000,6.72,9677,키움 히어로즈
최주환,65000,0.35,184816,키움 히어로즈
헤이수스,60000,4.65,12907,키움 히어로즈
도슨,55000,3.42,16102,키움 히어로즈
원종현,50000,0.09,563411,키움 히어로즈
이원석,40000,-0.47,-84662,키움 히어로즈
조상우,34000,0.65,52414,키움 히어로즈
이용규,20000,1.54,12962,키움 히어로즈
정찬헌,20000,-0.01,-2847960,키움 히어로즈
김재웅,19000,0.38,49496,키움 히어로즈
송성문,13000,6.87,1892,키움 히어로즈
김태진,11000,0.89,12361,키움 히어로즈
김성민,9000,0.48,18900,키움 히어로즈
하영민,8000,2.95,2711,키움 히어로즈
문성현,7500,-0.12,-64581,키움 히어로즈
임지열,7200,-0.74,-9765,키움 히어로즈
김선기,7000,0.10,67435,키움 히어로즈
임병욱,7000,0.02,412726,키움 히어로즈
이주형,6600,2.51,2634,키움 히어로즈
김동혁,6000,-0.52,-11522,키움 히어로즈
이명종,6000,-0.17,-36311,키움 히어로즈
김재현,5500,0.10,57006,키움 히어로즈
김웅빈,5000,-0.40,-12581,키움 히어로즈
변상권,4800,0.24,19811,키움 히어로즈
김수환,4700,-0.10,-48994,키움 히어로즈
박승주,4500,0.02,281711,키움 히어로즈
김주형,4500,-0.08,-58698,키움 히어로즈
윤석원,4300,-0.31,-14096,키움 히어로즈
신준우,4200,0.00,5235680,키움 히어로즈
장재영,4000,-0.41,-9657,키움 히어로즈
오석주,4000,-0.32,-12697,키움 히어로즈
박수종,4000,0.25,15819,키움 히어로즈
박찬혁,4000,,,키움 히어로즈
김동헌,4000,-0.12,-34516,키움 히어로즈
윤정현,4000,-0.01,-316216,키움 히어로즈
조영건,4000,-0.52,-7628,키움 히어로즈
김준형,3700,,,키움 히어로즈
박주홍,3600,-0.24,-14893,키움 히어로즈
김시앙,3600,-0.05,-76364,키움 히어로즈
주성원,3500,0.01,375377,키움 히어로즈
김인범,3300,0.68,4864,키움 히어로즈
오상원,3300,,,키움 히어로즈
김병휘,3300,-0.34,-9846,키움 히어로즈
김건희,3200,0.60,5377,키움 히어로즈
주승우,3200,0.74,4312,키움 히어로즈
이종민,3200,-0.15,-21098,키움 히어로즈
김동규,3100,-0.01,-234222,키움 히어로즈
조성훈,3100,,,키움 히어로즈
이승원,3100,-0.96,-3239,키움 히어로즈
송재선,3100,,,키움 히어로즈
양지율,3000,0.07,40694,키움 히어로즈
박승호,3000,,,키움 히어로즈
박범준,3000,-0.11,-28239,키움 히어로즈
박채울,3000,,,키움 히어로즈
김지성,3000,,,키움 히어로즈
송지후,3000,0.04,73695,키움 히어로즈
김주훈,3000,,,키움 히어로즈
고영우,3000,-0.59,-5117,키움 히어로즈
김연주,3000,-0.13,-22558,키움 히어로즈
이우현,3000,,,키움 히어로즈
손현기,3000,-0.10,-29484,키움 히어로즈
이재상,3000,-1.20,-2497,키움 히어로즈
김윤하,3000,0.45,6688,키움 히어로즈
전준표,3000,-0.30,-10074,키움 히어로즈
심휘윤,3000,-0.01,-273154,키움 히어로즈
원성준,3000,-0.25,-11991,키움 히어로즈
노운현,3000,,,키움 히어로즈
주승빈,3000,,,키움 히어로즈
김동욱,3000,0.11,26713,키움 히어로즈
안겸,3000,,,키움 히어로즈
변헌성,3000,,,키움 히어로즈
이호열,3000,,,키움 히어로즈
박성빈,3000,-0.03,-101587,키움 히어로즈
우승원,3000,,,키움 히어로즈
박준형,3000,-0.25,-12108,키움 히어로즈
박윤성,3000,0.04,72014,키움 히어로즈
서유신,3000,,,키움 히어로즈
이명기,3000,,,키움 히어로즈
신효수,1500,,,키움 히어로즈
